<annotation>
	<folder>resized</folder>
	<filename>resized48.jpg</filename>
	<path>C:\Users\ITLP 92\Downloads\delete\resized\resized48.jpg</path>
	<source>
		<database>Unknown</database>
	</source>
	<size>
		<width>200</width>
		<height>200</height>
		<depth>1</depth>
	</size>
	<segmented>0</segmented>
	<object>
		<name>two</name>
		<pose>Unspecified</pose>
		<truncated>0</truncated>
		<difficult>0</difficult>
		<bndbox>
			<xmin>40</xmin>
			<ymin>44</ymin>
			<xmax>162</xmax>
			<ymax>159</ymax>
		</bndbox>
	</object>
</annotation>
