<annotation>
	<folder>resized</folder>
	<filename>resized60.jpg</filename>
	<path>C:\Users\ITLP 92\Downloads\delete\resized\resized60.jpg</path>
	<source>
		<database>Unknown</database>
	</source>
	<size>
		<width>200</width>
		<height>200</height>
		<depth>1</depth>
	</size>
	<segmented>0</segmented>
	<object>
		<name>eight</name>
		<pose>Unspecified</pose>
		<truncated>0</truncated>
		<difficult>0</difficult>
		<bndbox>
			<xmin>41</xmin>
			<ymin>45</ymin>
			<xmax>159</xmax>
			<ymax>157</ymax>
		</bndbox>
	</object>
</annotation>
