<annotation>
	<folder>resized</folder>
	<filename>resized27.jpg</filename>
	<path>C:\Users\ITLP 92\Downloads\delete\resized\resized27.jpg</path>
	<source>
		<database>Unknown</database>
	</source>
	<size>
		<width>200</width>
		<height>200</height>
		<depth>1</depth>
	</size>
	<segmented>0</segmented>
	<object>
		<name>nine</name>
		<pose>Unspecified</pose>
		<truncated>0</truncated>
		<difficult>0</difficult>
		<bndbox>
			<xmin>44</xmin>
			<ymin>44</ymin>
			<xmax>161</xmax>
			<ymax>155</ymax>
		</bndbox>
	</object>
</annotation>
